geo_point_2d;geo_shape;objectid_1;objectid;ambulancer;city;county;crashalcoh;crashday;crash_date;crash_grp;crash_hour;crash_loc;crash_mont;crash_time;crash_type;crash_ty_1;crash_year;crsh_sevri;developmen;drvrage_gr;drvr_age;drvr_alc_d;drvr_estsp;drvr_injur;drvr_race;drvr_sex;drvr_vehty;excsspdind;hit_run;latitude;light_cond;locality;longitude;num_lanes;num_units;pedage_grp;ped_age;ped_alc_dr;ped_injury;ped_pos;ped_race;ped_sex;rd_charact;rd_class;rd_conditi;rd_config;rd_defects;rd_feature;rd_surface;region;rural_urba;speed_limi;traff_cntr;weather;workzone_i;crash_id;crash_grp0;crsh_typex;drvr_unitn;on_rd;ped_unitno;crash_sevr;severity
"36.0074571175; -78.946402714";"{""type"": ""Point"", ""coordinates"": [-78.94640271399692, 36.00745711747889]}";6888.0;1969.0;Yes;Durham;Durham;No;Thursday;31DEC2009;Crossing Roadway - Vehicle Turning;17.0;Intersection;December;17:50;Motorist Left Turn - Parallel Paths;12781.0;2009;B: Evident Injury;Commercial;30-39;39;No;11-15 mph;O: No Injury;Asian;Female;Passenger Car;No;No;36.0;Dark - Lighted Roadway;Urban (>70% Developed);-79.0;5 lanes;2.0;31-40;35;No;B: Evident Injury;Crosswalk Area;Asian;Female;Straight - Level;Local Street;Wet;Two-Way, Not Divided;None;No Special Feature;Smooth Asphalt;Piedmont;Urban;30 - 35  MPH;Stop And Go Signal;Rain;No;;;;;;;;
"35.935617099; -79.025862734";"{""type"": ""Point"", ""coordinates"": [-79.02586273401212, 35.9356170989889]}";9278.0;1941.0;No;Chapel Hill;Orange;No;Wednesday;20JAN2010;Backing Vehicle;18.0;Non-Roadway;January;18:46;Backing Vehicle - Parking Lot;38214.0;2010;C: Possible Injury;Commercial;25-29;25;No;0-5 mph;O: No Injury;White;Female;Passenger Car;No;No;36.0;Dark - Lighted Roadway;Urban (>70% Developed);-79.0;Unknown;2.0;41-50;47;No;C: Possible Injury;Non-Roadway - Parking Lot / Other;Asian;Female;Straight - Level;Public Vehicular Area;Dry;Unknown;None;Other;Concrete;Piedmont;Urban;5 - 15 MPH;No Control Present;Clear;No;;;;;;;;
"36.008945118; -78.9427287129";"{""type"": ""Point"", ""coordinates"": [-78.94272871287926, 36.00894511800081]}";9415.0;2078.0;No;Durham;Durham;No;Tuesday;07SEP2010;Crossing Roadway - Vehicle Not Turning;14.0;Intersection;September;14:26;Motorist Failed to Yield;12770.0;2010;O: No Injury;Commercial;30-39;39;No;31-35 mph;O: No Injury;White;Female;Passenger Car;No;No;36.0;Daylight;Urban (>70% Developed);-79.0;3 lanes;2.0;26-30;28;No;Unknown Injury;Crosswalk Area;Black;Male;Straight - Level;Local Street;Dry;Two-Way, Divided, Unprotected Median;None;No Special Feature;Coarse Asphalt;Piedmont;Urban;30 - 35  MPH;Stop And Go Signal;Clear;No;;;;;;;;
"35.9122270972; -78.9458027087";"{""type"": ""Point"", ""coordinates"": [-78.9458027087358, 35.91222709721522]}";9998.0;117.0;Yes;Durham;Durham;No;Wednesday;26JAN2011;Crossing Roadway - Vehicle Turning;17.0;Intersection;January;17:20;Motorist Right Turn - Perpendicular Paths;13795.0;2011;C: Possible Injury;Commercial;40-49;42;No;0-5 mph;O: No Injury;White;Male;Passenger Car;No;No;36.0;Daylight;Urban (>70% Developed);-79.0;2 lanes;2.0;51-60;56;No;C: Possible Injury;Travel Lane;White;Female;Straight - Level;Local Street;Wet;Two-Way, Divided, Positive Median Barrier;None;Four-Way Intersection;Smooth Asphalt;Piedmont;Urban;40 - 45  MPH;Stop Sign;Cloudy;No;;;;;;;;
"35.9292370976; -79.0270027348";"{""type"": ""Point"", ""coordinates"": [-79.02700273477924, 35.92923709756731]}";10144.0;263.0;No;Chapel Hill;Orange;No;Wednesday;02FEB2011;Off Roadway;21.0;Non-Roadway;February;21:42;Off Roadway - Parking Lot;38830.0;2011;C: Possible Injury;Commercial;30-39;32;No;0-5 mph;O: No Injury;Black;Male;Passenger Car;No;No;36.0;Dark - Lighted Roadway;Urban (>70% Developed);-79.0;Unknown;2.0;51-60;57;No;C: Possible Injury;Non-Roadway - Parking Lot / Other;White;Female;Straight - Level;Public Vehicular Area;Unknown;Two-Way, Not Divided;Unknown;No Special Feature;Smooth Asphalt;Piedmont;Urban;5 - 15 MPH;No Control Present;Clear;No;;;;;;;;
"35.9637471078; -78.9594027162";"{""type"": ""Point"", ""coordinates"": [-78.95940271620029, 35.96374710780064]}";10387.0;506.0;No;Durham;Durham;No;Tuesday;29MAR2011;Dash / Dart-Out;7.0;Non-Intersection;March;7:30;Dash;23741.0;2011;O: No Injury;Commercial;20-24;21;No;36-40 mph;O: No Injury;Black;Female;Passenger Car;No;No;36.0;Daylight;Urban (>70% Developed);-79.0;5 lanes;2.0;Unknown;Unknown;No;Unknown Injury;Travel Lane;Hispanic;Female;Straight - Level;Local Street;Dry;Two-Way, Not Divided;None;No Special Feature;Smooth Asphalt;Piedmont;Urban;30 - 35  MPH;No Control Present;Clear;No;;;;;;;;
"35.9638500001; -78.9595000001";"{""type"": ""Point"", ""coordinates"": [-78.95950000008696, 35.96385000013829]}";14446.0;;Yes;Durham;Durham;No;Monday;11NOV2013;Crossing Roadway - Vehicle Turning;15.0;Intersection;November;15:42;Motorist Left Turn - Parallel Paths;;2013;C: Possible Injury;Residential;Unknown;Unknown;Missing;16-20 mph;Unknown Injury;Unknown/Missing;Unknown;Sport Utility;No;Yes;36.0;Daylight;Urban (>70% Developed);-79.0;8 lanes;3.0;21-25;23;No;C: Possible Injury;Crosswalk Area;Black;Female;Straight - Grade;Local Street;Dry;Two-Way, Not Divided;None;No Special Feature;Smooth Asphalt;Piedmont;Urban;30 - 35  MPH;Stop And Go Signal;Clear;No;103897563.0;790.0;12781.0;3.0;UNIVERSITY DR;1.0;;
"35.9355899996; -79.0294999999";"{""type"": ""Point"", ""coordinates"": [-79.02949999994009, 35.935589999563014]}";14642.0;;Yes;Chapel Hill;Orange;No;Wednesday;23OCT2013;Unusual Circumstances;12.0;Non-Roadway;October;12:13;Driverless Vehicle;;2013;B: Evident Injury;Institutional;Unknown;Unknown;Missing;6-10 mph;Unknown Injury;Unknown/Missing;Unknown;Passenger Car;No;No;36.0;Daylight;Urban (>70% Developed);-79.0;Unknown;2.0;41-50;50;No;B: Evident Injury;Non-Roadway - Parking Lot / Other;White;Female;Straight - Grade;Public Vehicular Area;Dry;Unknown;None;No Special Feature;Smooth Asphalt;Piedmont;Urban;5 - 15 MPH;No Control Present;Clear;No;103918870.0;100.0;38220.0;1.0;PVA 100 N ELLIOTT RD;2.0;;
"35.9127970922; -79.0917027526";"{""type"": ""Point"", ""coordinates"": [-79.09170275262879, 35.912797092182615]}";17214.0;2209.0;Yes;Carrboro;Orange;Yes;Wednesday;03OCT2012;Crossing Roadway - Vehicle Not Turning;20.0;Intersection;October;20:39;Pedestrian Failed to Yield;;2012;;Residential;30-39;33;Yes;26-30 mph;O: No Injury;White;Male;Sport Utility;No;No;36.0;Dark - Lighted Roadway;Urban (>70% Developed);-79.0;4 lanes;2.0;26-30;26;No;C: Possible Injury;Crosswalk Area;White;Female;Straight - Level;NC Route;Dry;Two-Way, Divided, Unprotected Median;None;Four-Way Intersection;Coarse Asphalt;Piedmont;Urban;40 - 45  MPH;Stop And Go Signal;Clear;No;;;12760.0;1.0;;2.0;C: Possible Injury;C: Possible Injury
"35.9112970962; -78.9607027129";"{""type"": ""Point"", ""coordinates"": [-78.96070271294174, 35.911297096174806]}";17628.0;2623.0;Yes;Durham;Durham;No;Monday;03DEC2012;Pedestrian in Roadway - Circumstances Unknown;19.0;Non-Intersection;December;19:22;Walking in Roadway;;2012;;Farms, Woods, Pastures;30-39;39;No;41-45 mph;O: No Injury;Black;Male;Single Unit Truck (2-Axle, 6-Tire);No;No;36.0;Dark - Roadway Not Lighted;Urban (>70% Developed);-79.0;2 lanes;2.0;31-40;33;No;B: Evident Injury;Travel Lane;Asian;Male;Straight - Level;NC Route;Dry;Two-Way, Not Divided;None;No Special Feature;Coarse Asphalt;Piedmont;Urban;40 - 45  MPH;No Control Present;Clear;No;;;23620.0;1.0;;2.0;B: Evident Injury;B: Evident Injury
"35.8265270761; -79.0197027267";"{""type"": ""Point"", ""coordinates"": [-79.0197027267344, 35.826527076117]}";1838.0;1838.0;No;None - Rural Crash;Chatham;No;Tuesday;23JAN2007;Walking Along Roadway;19.0;Non-Intersection;January;19:30;Walking Along Roadway With Traffic - From Behind;2410.0;2007;B: Evident Injury;Farms, Woods, Pastures;50-59;50;No;41-45 mph;O: No Injury;White;Female;Sport Utility;No;No;36.0;Dark - Roadway Not Lighted;Rural (<30% Developed);-79.0;2 lanes;2.0;41-50;44;No;B: Evident Injury;Travel Lane;White;Female;Straight - Level;State Secondary Route;Dry;Two-Way, Not Divided;None;No Special Feature;Smooth Asphalt;Piedmont;Rural;50 - 55  MPH;Double Yellow Line, No Passing Zone;Clear;No;;;;;;;;
"35.9043970913; -79.0545027416";"{""type"": ""Point"", ""coordinates"": [-79.0545027416219, 35.904397091326764]}";4300.0;1753.0;Yes;Chapel Hill;Orange;No;Thursday;15MAY2008;Unusual Circumstances;10.0;Intersection-Related;May;10:56;Pedestrian Loss of Control;43160.0;2008;K: Killed;Institutional;50-59;53;No;11-15 mph;O: No Injury;Black;Female;Commercial Bus;No;No;36.0;Daylight;Urban (>70% Developed);-79.0;5 lanes;2.0;16-20;20;No;K: Killed;Travel Lane;White;Female;Straight - Grade;Local Street;Dry;Two-Way, Not Divided;None;Related To Intersection;Smooth Asphalt;Piedmont;Urban;20 - 25  MPH;Stop And Go Signal;Cloudy;No;;;;;;;;
"36.0031871161; -78.9513027151";"{""type"": ""Point"", ""coordinates"": [-78.95130271506483, 36.00318711608384]}";2164.0;2164.0;Yes;Durham;Durham;No;Tuesday;01MAY2007;Crossing Roadway - Vehicle Turning;9.0;Intersection;May;9:57;Motorist Left Turn - Parallel Paths;1781.0;2007;B: Evident Injury;Commercial;70+;70+;No;31-35 mph;O: No Injury;Black;Male;Passenger Car;No;No;36.0;Daylight;Urban (>70% Developed);-79.0;5 lanes;2.0;41-50;43;No;B: Evident Injury;Crosswalk Area;Black;Female;Straight - Level;Local Street;Dry;Two-Way, Not Divided;None;No Special Feature;Coarse Asphalt;Piedmont;Urban;30 - 35  MPH;Stop And Go Signal;Clear;No;;;;;;;;
"35.9066870932; -79.0243027326";"{""type"": ""Point"", ""coordinates"": [-79.0243027325989, 35.90668709315096]}";6693.0;1774.0;No;Chapel Hill;Orange;No;Monday;12JAN2009;Backing Vehicle;14.0;Non-Intersection;January;14:40;Backing Vehicle - Roadway;23213.0;2009;B: Evident Injury;Institutional;40-49;43;No;0-5 mph;O: No Injury;Other;Female;Passenger Car;No;No;36.0;Daylight;Urban (>70% Developed);-79.0;2 lanes;2.0;31-40;39;No;B: Evident Injury;Travel Lane;Asian;Female;Straight - Level;Local Street;Unknown;Two-Way, Not Divided;None;No Special Feature;Smooth Asphalt;Piedmont;Urban;Unknown;No Control Present;Other;No;;;;;;;;
"36.0095571176; -78.9449027134";"{""type"": ""Point"", ""coordinates"": [-78.94490271340015, 36.00955711760878]}";11158.0;1277.0;Yes;Durham;Durham;No;Wednesday;17AUG2011;Off Roadway;13.0;Non-Roadway;August;13:45;Off Roadway - Parking Lot;38830.0;2011;C: Possible Injury;Commercial;30-39;31;No;0-5 mph;O: No Injury;White;Male;Passenger Car;No;No;36.0;Daylight;Urban (>70% Developed);-79.0;2 lanes;2.0;26-30;28;No;C: Possible Injury;Non-Roadway - Parking Lot / Other;Other;Female;Straight - Level;Public Vehicular Area;Dry;Two-Way, Not Divided;None;No Special Feature;Smooth Asphalt;Piedmont;Urban;5 - 15 MPH;No Control Present;Clear;No;;;;;;;;
"35.9585271059; -78.9764027208";"{""type"": ""Point"", ""coordinates"": [-78.97640272081426, 35.958527105870765]}";11379.0;1498.0;Yes;Durham;Durham;No;Wednesday;21SEP2011;Off Roadway;8.0;Non-Roadway;September;8:40;Off Roadway - Parking Lot;37830.0;2011;B: Evident Injury;Residential;30-39;31;No;11-15 mph;O: No Injury;Hispanic;Female;Light Truck (Mini-Van, Panel);No;No;36.0;Daylight;Urban (>70% Developed);-79.0;2 lanes;2.0;11-15;11;No;B: Evident Injury;Driveway / Alley;White;Male;Straight - Level;Public Vehicular Area;Dry;Two-Way, Not Divided;None;No Special Feature;Smooth Asphalt;Piedmont;Urban;5 - 15 MPH;No Control Present;Cloudy;No;;;;;;;;
"35.9046070914; -79.0468027392";"{""type"": ""Point"", ""coordinates"": [-79.04680273916071, 35.904607091435366]}";12258.0;2377.0;No;Chapel Hill;Orange;No;Wednesday;14DEC2011;Off Roadway;15.0;Non-Roadway;December;15:54;Off Roadway - Parking Lot;38830.0;2011;B: Evident Injury;Institutional;20-24;20;No;6-10 mph;O: No Injury;White;Male;Passenger Car;No;No;36.0;Daylight;Urban (>70% Developed);-79.0;2 lanes;2.0;26-30;26;No;B: Evident Injury;Non-Roadway - Parking Lot / Other;White;Male;Straight - Level;Public Vehicular Area;Dry;Two-Way, Not Divided;None;No Special Feature;Coarse Asphalt;Piedmont;Urban;5 - 15 MPH;No Control Present;Clear;No;;;;;;;;
"35.9152870936; -79.0599027433";"{""type"": ""Point"", ""coordinates"": [-79.05990274330811, 35.915287093632294]}";17378.0;2373.0;No;Chapel Hill;Orange;Yes;Saturday;27OCT2012;Other / Unknown - Insufficient Details;15.0;Unknown;October;15:51;Other - Unknown Location;;2012;;Residential;Unknown;Unknown;Missing;Unknown;Unknown Injury;Unknown/Missing;Unknown;Unknown;No;Yes;36.0;Daylight;Urban (>70% Developed);-79.0;4 lanes;2.0;21-25;21;Yes;C: Possible Injury;Travel Lane;White;Male;Straight - Level;Local Street;Dry;Two-Way, Not Divided;None;No Special Feature;Smooth Asphalt;Piedmont;Urban;20 - 25  MPH;No Control Present;Clear;No;;;93900.0;1.0;;2.0;C: Possible Injury;C: Possible Injury
"35.9119770928; -79.0722027475";"{""type"": ""Point"", ""coordinates"": [-79.07220274749069, 35.911977092789705]}";17876.0;2871.0;Yes;Carrboro;Orange;Yes;Monday;10DEC2012;Crossing Roadway - Vehicle Not Turning;12.0;Non-Intersection;December;12:49;Pedestrian Failed to Yield;;2012;;Commercial;Unknown;Unknown;Missing;Unknown;Unknown Injury;Unknown/Missing;Unknown;Pickup;No;Yes;36.0;Daylight;Urban (>70% Developed);-79.0;2 lanes;2.0;31-40;32;Yes;C: Possible Injury;Travel Lane;White;Male;Straight - Level;Local Street;Dry;Two-Way, Not Divided;None;No Special Feature;Coarse Asphalt;Piedmont;Urban;20 - 25  MPH;Double Yellow Line, No Passing Zone;Cloudy;No;;;23760.0;2.0;;1.0;C: Possible Injury;C: Possible Injury
"35.9545371044; -78.998702727";"{""type"": ""Point"", ""coordinates"": [-78.99870272700124, 35.95453710436918]}";6784.0;1865.0;No;Durham;Durham;No;Saturday;25JUL2009;Off Roadway;9.0;Non-Roadway;July;9:22;Off Roadway - Parking Lot;38830.0;2009;C: Possible Injury;Commercial;Unknown;Unknown;Missing;6-10 mph;Unknown Injury;Unknown/Missing;Unknown;Passenger Car;No;Yes;36.0;Daylight;Urban (>70% Developed);-79.0;1 lane;2.0;26-30;26;No;C: Possible Injury;Non-Roadway - Parking Lot / Other;Black;Female;Straight - Level;Public Vehicular Area;Dry;One-Way, Not Divided;None;Driveway, Private;Smooth Asphalt;Piedmont;Urban;5 - 15 MPH;No Control Present;Clear;No;;;;;;;;
"35.9142070933; -79.0564027428";"{""type"": ""Point"", ""coordinates"": [-79.05640274279814, 35.91420709331883]}";9942.0;61.0;Yes;Chapel Hill;Orange;No;Monday;10JAN2011;Crossing Roadway - Vehicle Not Turning;17.0;Intersection-Related;January;17:59;Pedestrian Failed to Yield;43760.0;2011;C: Possible Injury;Commercial;60-69;61;No;11-15 mph;O: No Injury;White;Male;Passenger Car;No;No;36.0;Dark - Lighted Roadway;Urban (>70% Developed);-79.0;5 lanes;2.0;41-50;46;No;C: Possible Injury;Travel Lane;Black;Male;Straight - Grade;Local Street;Wet;Two-Way, Not Divided;None;No Special Feature;Smooth Asphalt;Piedmont;Urban;30 - 35  MPH;Double Yellow Line, No Passing Zone;Snow, Sleet, Hail, Freezing Rain/Drizzle;No;;;;;;;;
"35.910640092; -79.0696127459";"{""type"": ""Point"", ""coordinates"": [-79.06961274590283, 35.910640091993656]}";9225.0;1888.0;Yes;Carrboro;Orange;Yes;Sunday;10OCT2010;Dash / Dart-Out;2.0;Non-Intersection;October;2:28;Dash;23741.0;2010;B: Evident Injury;Commercial;30-39;31;No;16-20 mph;O: No Injury;White;Female;Passenger Car;No;No;36.0;Dark - Lighted Roadway;Urban (>70% Developed);-79.0;4 lanes;2.0;21-25;24;Yes;B: Evident Injury;Travel Lane;White;Female;Straight - Level;Local Street;Dry;Two-Way, Not Divided;None;Railroad Crossing;Coarse Asphalt;Piedmont;Urban;20 - 25  MPH;No Control Present;Clear;No;;;;;;;;
"35.9145670939; -79.0564027427";"{""type"": ""Point"", ""coordinates"": [-79.05640274274103, 35.91456709393685]}";9237.0;1900.0;Yes;Chapel Hill;Orange;No;Wednesday;12MAY2010;Unusual Circumstances;13.0;Non-Roadway;May;13:50;Assault with Vehicle;38110.0;2010;B: Evident Injury;Commercial;25-29;26;No;11-15 mph;O: No Injury;White;Male;Unknown;No;Yes;36.0;Daylight;Urban (>70% Developed);-79.0;Unknown;2.0;51-60;51;No;B: Evident Injury;Non-Roadway - Parking Lot / Other;Black;Male;Straight - Grade;Public Vehicular Area;Dry;One-Way, Not Divided;None;No Special Feature;Smooth Asphalt;Piedmont;Urban;Unknown;No Control Present;Clear;No;;;;;;;;
"35.9451101012; -79.0115327309";"{""type"": ""Point"", ""coordinates"": [-79.0115327308695, 35.94511010124853]}";9296.0;1959.0;No;Chapel Hill;Orange;Yes;Monday;06DEC2010;Dash / Dart-Out;17.0;Non-Intersection;December;17:31;Dash;23741.0;2010;C: Possible Injury;Commercial;30-39;34;No;31-35 mph;O: No Injury;White;Male;Sport Utility;No;No;36.0;Dark - Roadway Not Lighted;Urban (>70% Developed);-79.0;5 lanes;2.0;31-40;38;Yes;C: Possible Injury;Travel Lane;White;Male;Straight - Level;US Route;Dry;Two-Way, Divided, Unprotected Median;None;No Special Feature;Smooth Asphalt;Piedmont;Urban;40 - 45  MPH;No Control Present;Cloudy;No;;;;;;;;
"35.9536571044; -78.9961027268";"{""type"": ""Point"", ""coordinates"": [-78.9961027267679, 35.95365710438615]}";10492.0;611.0;No;Durham;Durham;No;Thursday;14APR2011;Backing Vehicle;11.0;Non-Roadway;April;11:33;Backing Vehicle - Parking Lot;38214.0;2011;O: No Injury;Commercial;30-39;38;No;0-5 mph;O: No Injury;Asian;Female;Light Truck (Mini-Van, Panel);No;No;36.0;Daylight;Urban (>70% Developed);-79.0;2 lanes;2.0;61-79;62;No;O: No Injury;Non-Roadway - Parking Lot / Other;Black;Female;Straight - Level;Public Vehicular Area;Dry;Two-Way, Not Divided;None;No Special Feature;Smooth Asphalt;Piedmont;Urban;5 - 15 MPH;No Control Present;Clear;No;;;;;;;;
"35.9131300003; -79.0556000001";"{""type"": ""Point"", ""coordinates"": [-79.0556000000583, 35.91313000034926]}";13087.0;;Yes;Chapel Hill;Orange;No;Monday;29APR2013;Crossing Roadway - Vehicle Turning;11.0;Intersection;April;11:42;Motorist Right Turn - Parallel Paths;;2013;C: Possible Injury;Commercial;70+;70+;No;0-5 mph;O: No Injury;White;Female;Passenger Car;No;No;36.0;Daylight;Urban (>70% Developed);-79.0;4 lanes;2.0;41-50;41;No;C: Possible Injury;Crosswalk Area;Black;Female;Straight - Level;Local Street;Wet;Two-Way, Not Divided;None;Four-Way Intersection;Smooth Asphalt;Piedmont;Urban;20 - 25  MPH;Stop And Go Signal;Cloudy;No;103744206.0;790.0;12791.0;2.0;W FRANKLIN ST;1.0;;
"35.9544971044; -78.9984027267";"{""type"": ""Point"", ""coordinates"": [-78.99840272670156, 35.954497104360925]}";16060.0;1055.0;No;Durham;Durham;No;Tuesday;15MAY2012;Backing Vehicle;0.0;Non-Roadway;May;0:00;Backing Vehicle - Parking Lot;;2012;;Commercial;Unknown;Unknown;Missing;0-5 mph;Unknown Injury;Unknown/Missing;Unknown;Passenger Car;No;Yes;36.0;Dark - Lighted Roadway;Urban (>70% Developed);-79.0;2 lanes;2.0;31-40;31;No;C: Possible Injury;Non-Roadway - Parking Lot / Other;Black;Male;Straight - Level;Public Vehicular Area;Dry;Two-Way, Not Divided;None;Driveway, Public;Smooth Asphalt;Piedmont;Urban;5 - 15 MPH;No Control Present;Clear;No;;;38214.0;2.0;;1.0;C: Possible Injury;C: Possible Injury
"35.9547671047; -78.9901027252";"{""type"": ""Point"", ""coordinates"": [-78.99010272516938, 35.95476710465964]}";2070.0;2070.0;Yes;Durham;Durham;Yes;Sunday;10JUN2007;Unusual Circumstances;3.0;Non-Intersection;June;3:22;Pedestrian Loss of Control;2160.0;2007;C: Possible Injury;Commercial;30-39;36;No;56-60 mph;O: No Injury;Black;Male;Passenger Car;No;No;36.0;Dark - Lighted Roadway;Urban (>70% Developed);-79.0;4 lanes;2.0;26-30;26;Yes;C: Possible Injury;Travel Lane;Hispanic;Male;Straight - Grade;Local Street;Wet;Two-Way, Divided, Positive Median Barrier;None;No Special Feature;Coarse Asphalt;Piedmont;Urban;50 - 55  MPH;No Control Present;Clear;No;;;;;;;;
"35.9017870915; -79.0443027384";"{""type"": ""Point"", ""coordinates"": [-79.04430273839884, 35.901787091472215]}";4289.0;1742.0;Yes;Chapel Hill;Orange;No;Friday;05DEC2008;Off Roadway;16.0;Non-Roadway;December;16:53;Off Roadway - Parking Lot;38830.0;2008;C: Possible Injury;Institutional;40-49;46;No;6-10 mph;Unknown Injury;Black;Female;Sport Utility;No;No;36.0;Dusk;Urban (>70% Developed);-79.0;1 lane;2.0;21-25;21;No;C: Possible Injury;Non-Roadway - Parking Lot / Other;White;Male;Straight - Level;Public Vehicular Area;Dry;One-Way, Not Divided;None;No Special Feature;Smooth Asphalt;Piedmont;Urban;5 - 15 MPH;No Control Present;Cloudy;No;;;;;;;;
"35.9252770967; -79.0248027337";"{""type"": ""Point"", ""coordinates"": [-79.02480273365174, 35.92527709670304]}";4334.0;1787.0;Yes;Chapel Hill;Orange;No;Tuesday;30DEC2008;Crossing Roadway - Vehicle Turning;20.0;Intersection-Related;December;20:23;Motorist Right Turn - Parallel Paths;43791.0;2008;B: Evident Injury;Residential;25-29;27;No;11-15 mph;O: No Injury;White;Female;Sport Utility;No;No;36.0;Dark - Lighted Roadway;Urban (>70% Developed);-79.0;6 lanes;2.0;11-15;15;No;B: Evident Injury;Travel Lane;Black;Female;Straight - Level;US Route;Dry;Two-Way, Divided, Unprotected Median;None;Four-Way Intersection;Coarse Asphalt;Piedmont;Urban;40 - 45  MPH;Stop And Go Signal;Clear;No;;;;;;;;
"36.0056271162; -78.9547027161";"{""type"": ""Point"", ""coordinates"": [-78.95470271613647, 36.00562711615732]}";4494.0;1947.0;Yes;Durham;Durham;Yes;Thursday;23OCT2008;Unusual Circumstances;18.0;Intersection;October;18:58;Motor Vehicle Loss of Control;15150.0;2008;C: Possible Injury;Residential;Unknown;Unknown;Missing;31-35 mph;Unknown Injury;Unknown/Missing;Unknown;Passenger Car;No;Yes;36.0;Dark - Lighted Roadway;Urban (>70% Developed);-79.0;2 lanes;2.0;61-79;62;Yes;C: Possible Injury;Sidewalk / Shared Use Path / Driveway Crossing;Black;Male;Straight - Level;Local Street;Dry;Two-Way, Not Divided;None;No Special Feature;Smooth Asphalt;Piedmont;Urban;30 - 35  MPH;No Control Present;Clear;No;;;;;;;;
"35.902977091; -79.0487027401";"{""type"": ""Point"", ""coordinates"": [-79.04870274009033, 35.90297709096698]}";1955.0;1955.0;Yes;Chapel Hill;Orange;No;Thursday;06DEC2007;Crossing Roadway - Vehicle Turning;8.0;Intersection;December;8:13;Motorist Left Turn - Parallel Paths;1781.0;2007;B: Evident Injury;Institutional;40-49;46;No;0-5 mph;O: No Injury;White;Male;Passenger Car;No;No;36.0;Daylight;Urban (>70% Developed);-79.0;4 lanes;2.0;26-30;29;No;B: Evident Injury;Crosswalk Area;White;Female;Straight - Level;Local Street;Dry;Two-Way, Not Divided;None;Related To Intersection;Smooth Asphalt;Piedmont;Urban;20 - 25  MPH;Stop And Go Signal;Clear;Yes;;;;;;;;
"35.9080770919; -79.0584027427";"{""type"": ""Point"", ""coordinates"": [-79.05840274269028, 35.9080770918525]}";1972.0;1972.0;Yes;Chapel Hill;Orange;No;Wednesday;12DEC2007;Crossing Roadway - Vehicle Not Turning;13.0;Intersection;December;13:21;Pedestrian Failed to Yield;1760.0;2007;B: Evident Injury;Residential;70+;70+;No;11-15 mph;O: No Injury;White;Male;Passenger Car;No;No;36.0;Daylight;Urban (>70% Developed);-79.0;2 lanes;2.0;16-20;18;No;B: Evident Injury;Travel Lane;White;Female;Straight - Level;Local Street;Dry;Two-Way, Not Divided;None;T-Intersection;Smooth Asphalt;Piedmont;Urban;20 - 25  MPH;Stop Sign;Clear;No;;;;;;;;
"35.9130670931; -79.0557027421";"{""type"": ""Point"", ""coordinates"": [-79.05570274211594, 35.91306709307936]}";1991.0;1991.0;Yes;Chapel Hill;Orange;No;Sunday;18MAR2007;Multiple Threat / Trapped;16.0;Intersection;March;16:42;Trapped;1730.0;2007;C: Possible Injury;Commercial;30-39;35;No;11-15 mph;O: No Injury;White;Female;Passenger Car;No;No;36.0;Daylight;Urban (>70% Developed);-79.0;5 lanes;2.0;41-50;47;No;C: Possible Injury;Crosswalk Area;White;Female;Straight - Level;Local Street;Dry;Two-Way, Not Divided;None;Four-Way Intersection;Smooth Asphalt;Piedmont;Urban;20 - 25  MPH;Stop And Go Signal;Clear;No;;;;;;;;
"36.0184511198; -78.9465427154";"{""type"": ""Point"", ""coordinates"": [-78.94654271535546, 36.0184511198306]}";9429.0;2092.0;Yes;Durham;Durham;No;Saturday;04DEC2010;Off Roadway;15.0;Non-Roadway;December;15:09;Off Roadway - Parking Lot;38830.0;2010;C: Possible Injury;Commercial;25-29;25;No;0-5 mph;O: No Injury;Hispanic;Male;Passenger Car;No;No;36.0;Daylight;Urban (>70% Developed);-79.0;Unknown;2.0;26-30;29;No;C: Possible Injury;Non-Roadway - Parking Lot / Other;White;Female;Straight - Level;Public Vehicular Area;Wet;Two-Way, Not Divided;None;No Special Feature;Coarse Asphalt;Piedmont;Urban;5 - 15 MPH;No Control Present;Cloudy;No;;;;;;;;