geo_point_2d;geo_shape;objectid_1;objectid;ambulancer;city;county;crashalcoh;crashday;crash_date;crash_grp;crash_hour;crash_loc;crash_mont;crash_time;crash_type;crash_ty_1;crash_year;crsh_sevri;developmen;drvrage_gr;drvr_age;drvr_alc_d;drvr_estsp;drvr_injur;drvr_race;drvr_sex;drvr_vehty;excsspdind;hit_run;latitude;light_cond;locality;longitude;num_lanes;num_units;pedage_grp;ped_age;ped_alc_dr;ped_injury;ped_pos;ped_race;ped_sex;rd_charact;rd_class;rd_conditi;rd_config;rd_defects;rd_feature;rd_surface;region;rural_urba;speed_limi;traff_cntr;weather;workzone_i;crash_id;crash_grp0;crsh_typex;drvr_unitn;on_rd;ped_unitno;crash_sevr;severity
"36.0110771178; -78.9485727156";"{""type"": ""Point"", ""coordinates"": [-78.94857271563822, 36.011077117801236]}";9419.0;2082.0;Yes;Durham;Durham;No;Monday;06DEC2010;Crossing Roadway - Vehicle Turning;16.0;Intersection;December;16:34;Motorist Left Turn - Parallel Paths;13781.0;2010;B: Evident Injury;Residential;20-24;21;No;0-5 mph;O: No Injury;White;Female;Sport Utility;No;No;36.0;Daylight;Urban (>70% Developed);-79.0;3 lanes;3.0;31-40;39;No;B: Evident Injury;Travel Lane;Asian;Female;Curve - Grade;Local Street;Dry;Two-Way, Not Divided;None;No Special Feature;Smooth Asphalt;Piedmont;Urban;30 - 35  MPH;Stop Sign;Clear;No;;;;;;;;
"36.0097600002; -78.9486000006";"{""type"": ""Point"", ""coordinates"": [-78.9486000005539, 36.00976000023803]}";14665.0;;Yes;Durham;Durham;No;Monday;18NOV2013;Crossing Roadway - Vehicle Not Turning;23.0;Non-Intersection;November;23:22;Pedestrian Failed to Yield;;2013;K: Killed;Residential;25-29;27;No;26-30 mph;O: No Injury;Asian;Male;Passenger Car;No;No;36.0;Dark - Roadway Not Lighted;Urban (>70% Developed);-79.0;3 lanes;2.0;21-25;23;No;K: Killed;Travel Lane;Black;Male;Curve - Grade;Local Street;Dry;Two-Way, Not Divided;None;No Special Feature;Smooth Asphalt;Piedmont;Urban;30 - 35  MPH;No Control Present;Clear;No;103920693.0;750.0;23760.0;1.0;S LASALLE ST;2.0;;
"35.9227400004; -78.9566999998";"{""type"": ""Point"", ""coordinates"": [-78.95669999977792, 35.9227400004492]}";14833.0;;Yes;Durham;Durham;No;Thursday;26DEC2013;Crossing Roadway - Vehicle Turning;13.0;Intersection;December;13:13;Motorist Left Turn - Parallel Paths;;2013;B: Evident Injury;Residential;70+;70+;No;31-35 mph;O: No Injury;Black;Female;Sport Utility;No;No;36.0;Daylight;Urban (>70% Developed);-79.0;4 lanes;2.0;61-79;65;No;B: Evident Injury;Crosswalk Area;White;Male;Straight - Level;Local Street;Dry;Two-Way, Divided, Unprotected Median;None;T-Intersection;Smooth Asphalt;Piedmont;Urban;30 - 35  MPH;Stop And Go Signal;Clear;No;103939831.0;790.0;12781.0;2.0;WOODCROFT PARKWAY;1.0;;
"35.9101799998; -79.0466000001";"{""type"": ""Point"", ""coordinates"": [-79.04660000013048, 35.91017999981584]}";14953.0;;Yes;Chapel Hill;Orange;No;Wednesday;04DEC2013;Crossing Roadway - Vehicle Turning;18.0;Non-Intersection;December;18:56;Motorist Right Turn - Parallel Paths;;2013;B: Evident Injury;Institutional;20-24;20;No;26-30 mph;O: No Injury;White;Male;Passenger Car;No;No;36.0;Dark - Lighted Roadway;Urban (>70% Developed);-79.0;3 lanes;2.0;16-20;19;No;B: Evident Injury;Travel Lane;White;Female;Straight - Level;Local Street;Dry;Two-Way, Not Divided;None;No Special Feature;Coarse Asphalt;Piedmont;Urban;20 - 25  MPH;No Control Present;Cloudy;No;103971367.0;790.0;23791.0;1.0;RALEIGH ST;2.0;;
"35.9251470963; -79.0540027427";"{""type"": ""Point"", ""coordinates"": [-79.05400274265747, 35.92514709634282]}";2019.0;2019.0;No;Chapel Hill;Orange;No;Saturday;21APR2007;Crossing Roadway - Vehicle Turning;18.0;Intersection;April;18:56;Motorist Right Turn on Red - Parallel Paths;1792.0;2007;C: Possible Injury;Commercial;40-49;48;No;6-10 mph;O: No Injury;White;Male;Passenger Car;No;No;36.0;Daylight;Urban (>70% Developed);-79.0;2 lanes;2.0;41-50;50;No;C: Possible Injury;Crosswalk Area;White;Male;Straight - Hillcrest;Local Street;Dry;Two-Way, Divided, Unprotected Median;None;No Special Feature;Smooth Asphalt;Piedmont;Urban;30 - 35  MPH;Stop And Go Signal;Clear;No;;;;;;;;
"35.9679571083; -78.9572027156";"{""type"": ""Point"", ""coordinates"": [-78.95720271555335, 35.96795710832377]}";2100.0;2100.0;No;Durham;Durham;No;Saturday;19MAY2007;Backing Vehicle;13.0;Non-Roadway;May;13:36;Backing Vehicle - Parking Lot;3214.0;2007;O: No Injury;Commercial;30-39;39;No;0-5 mph;O: No Injury;Other;Female;Sport Utility;No;No;36.0;Daylight;Urban (>70% Developed);-79.0;2 lanes;2.0;71+;70+;No;O: No Injury;Non-Roadway - Parking Lot / Other;White;Female;Curve - Level;Public Vehicular Area;Dry;One-Way, Not Divided;None;No Special Feature;Coarse Asphalt;Piedmont;Urban;20 - 25  MPH;No Control Present;Clear;No;;;;;;;;
"35.8579270828; -79.0205027287";"{""type"": ""Point"", ""coordinates"": [-79.02050272874435, 35.85792708279107]}";4241.0;1694.0;Yes;None - Rural Crash;Chatham;No;Monday;28APR2008;Backing Vehicle;15.0;Non-Intersection;April;15:00;Backing Vehicle - Roadway;23213.0;2008;B: Evident Injury;Residential;Unknown;Unknown;Missing;0-5 mph;Unknown Injury;Unknown/Missing;Unknown;Unknown;No;Yes;36.0;Daylight;Urban (>70% Developed);-79.0;2 lanes;2.0;71+;70+;No;B: Evident Injury;Travel Lane;White;Female;Straight - Level;Local Street;Dry;Two-Way, Not Divided;None;Driveway, Private;Smooth Asphalt;Piedmont;Rural;5 - 15 MPH;No Control Present;Clear;No;;;;;;;;
"35.9025870901; -79.0774027479";"{""type"": ""Point"", ""coordinates"": [-79.0774027479094, 35.90258709006761]}";4293.0;1746.0;Yes;Carrboro;Orange;No;Saturday;30AUG2008;Crossing Roadway - Vehicle Not Turning;10.0;Non-Intersection;August;10:40;Pedestrian Failed to Yield;23760.0;2008;B: Evident Injury;Residential;70+;70+;No;31-35 mph;O: No Injury;White;Male;Sport Utility;No;No;36.0;Daylight;Urban (>70% Developed);-79.0;4 lanes;2.0;31-40;34;No;B: Evident Injury;Travel Lane;Asian;Female;Straight - Level;NC Route;Dry;Two-Way, Divided, Unprotected Median;None;No Special Feature;Coarse Asphalt;Piedmont;Urban;40 - 45  MPH;No Control Present;Clear;No;;;;;;;;
"35.9032670948; -78.9556027119";"{""type"": ""Point"", ""coordinates"": [-78.95560271186667, 35.90326709482466]}";1957.0;1957.0;No;Durham;Durham;No;Sunday;02DEC2007;Backing Vehicle;19.0;Non-Roadway;December;19:51;Backing Vehicle - Parking Lot;3214.0;2007;O: No Injury;Commercial;Unknown;Unknown;Missing;0-5 mph;Unknown Injury;Unknown/Missing;Unknown;Passenger Car;No;Yes;36.0;Dusk;Mixed (30% To 70% Developed);-79.0;Unknown;2.0;16-20;19;No;O: No Injury;Non-Roadway - Parking Lot / Other;Black;Female;Straight - Level;Public Vehicular Area;Dry;Two-Way, Not Divided;None;No Special Feature;Smooth Asphalt;Piedmont;Urban;5 - 15 MPH;No Control Present;Clear;No;;;;;;;;
"35.9110370929; -79.0418027377";"{""type"": ""Point"", ""coordinates"": [-79.04180273773864, 35.91103709293397]}";1985.0;1985.0;Yes;Chapel Hill;Orange;No;Monday;11JUN2007;Crossing Roadway - Vehicle Turning;17.0;Intersection;June;17:49;Motorist Left Turn - Parallel Paths;1781.0;2007;B: Evident Injury;Institutional;20-24;21;No;0-5 mph;O: No Injury;White;Male;Passenger Car;No;No;36.0;Daylight;Urban (>70% Developed);-79.0;4 lanes;2.0;61-79;65;No;B: Evident Injury;Crosswalk Area;White;Female;Straight - Level;Local Street;Wet;Two-Way, Not Divided;None;No Special Feature;Coarse Asphalt;Piedmont;Urban;20 - 25  MPH;Stop And Go Signal;Rain;No;;;;;;;;
"36.0183751147; -79.076712754";"{""type"": ""Point"", ""coordinates"": [-79.07671275400513, 36.01837511466684]}";9428.0;2091.0;Yes;None - Rural Crash;Orange;Yes;Monday;01NOV2010;Walking Along Roadway;6.0;Non-Intersection;November;6:06;Walking Along Roadway With Traffic - From Behind;23410.0;2010;C: Possible Injury;Farms, Woods, Pastures;30-39;39;No;51-55 mph;O: No Injury;White;Male;Pickup;No;No;36.0;Dark - Roadway Not Lighted;Rural (<30% Developed);-79.0;2 lanes;2.0;51-60;56;Yes;C: Possible Injury;Travel Lane;White;Male;Straight - Level;NC Route;Dry;Two-Way, Not Divided;None;No Special Feature;Smooth Asphalt;Piedmont;Rural;50 - 55  MPH;Double Yellow Line, No Passing Zone;Clear;No;;;;;;;;
"35.9025410904; -79.077312748";"{""type"": ""Point"", ""coordinates"": [-79.07731274800696, 35.902541090407695]}";9208.0;1871.0;Yes;Carrboro;Orange;No;Monday;06DEC2010;Crossing Roadway - Vehicle Turning;7.0;Intersection;December;7:31;Motorist Right Turn - Perpendicular Paths;13795.0;2010;B: Evident Injury;Residential;20-24;20;No;0-5 mph;O: No Injury;White;Female;Passenger Car;No;No;36.0;Daylight;Urban (>70% Developed);-79.0;4 lanes;2.0;26-30;26;No;B: Evident Injury;Travel Lane;White;Female;Straight - Level;NC Route;Dry;Two-Way, Divided, Unprotected Median;None;Related To Intersection;Coarse Asphalt;Piedmont;Urban;40 - 45  MPH;Stop Sign;Clear;No;;;;;;;;
"35.9141370938; -79.0563127429";"{""type"": ""Point"", ""coordinates"": [-79.05631274291103, 35.9141370938247]}";9235.0;1898.0;Yes;Chapel Hill;Orange;No;Monday;27SEP2010;Crossing Roadway - Vehicle Not Turning;16.0;Intersection;September;16:22;Pedestrian Failed to Yield;12760.0;2010;B: Evident Injury;Commercial;20-24;20;No;11-15 mph;O: No Injury;White;Female;Sport Utility;No;No;36.0;Daylight;Urban (>70% Developed);-79.0;3 lanes;2.0;51-60;60;No;B: Evident Injury;Crosswalk Area;White;Male;Straight - Level;Local Street;Wet;Two-Way, Not Divided;None;Four-Way Intersection;Coarse Asphalt;Piedmont;Urban;20 - 25  MPH;Stop And Go Signal;Rain;No;;;;;;;;
"35.9226600951; -79.0514527418";"{""type"": ""Point"", ""coordinates"": [-79.05145274177406, 35.92266009509789]}";9250.0;1913.0;Yes;Chapel Hill;Orange;Yes;Saturday;30JAN2010;Pedestrian in Roadway - Circumstances Unknown;3.0;Intersection-Related;January;3:22;Walking in Roadway;43620.0;2010;B: Evident Injury;Residential;30-39;35;No;11-15 mph;O: No Injury;White;Male;Passenger Car;No;No;36.0;Dark - Roadway Not Lighted;Urban (>70% Developed);-79.0;2 lanes;2.0;26-30;29;Yes;B: Evident Injury;Travel Lane;Black;Male;Straight - Grade;Local Street;Snow;Two-Way, Not Divided;Road Surface Condition;No Special Feature;Smooth Asphalt;Piedmont;Urban;20 - 25  MPH;No Control Present;Snow, Sleet, Hail, Freezing Rain/Drizzle;No;;;;;;;;
"36.0164271196; -78.9456027145";"{""type"": ""Point"", ""coordinates"": [-78.94560271452491, 36.016427119612786]}";6903.0;1984.0;Yes;Durham;Durham;Yes;Friday;16JAN2009;Crossing Roadway - Vehicle Not Turning;19.0;Non-Intersection;January;19:27;Pedestrian Failed to Yield;23760.0;2009;B: Evident Injury;Residential;20-24;24;No;36-40 mph;O: No Injury;White;Female;Passenger Car;No;No;36.0;Dark - Lighted Roadway;Urban (>70% Developed);-79.0;2 lanes;2.0;21-25;24;Yes;B: Evident Injury;Travel Lane;Black;Male;Straight - Level;Local Street;Dry;Two-Way, Not Divided;None;No Special Feature;Smooth Asphalt;Piedmont;Urban;30 - 35  MPH;No Control Present;Clear;No;;;;;;;;
"35.9139070927; -79.072202747";"{""type"": ""Point"", ""coordinates"": [-79.07220274695132, 35.91390709274786]}";10781.0;900.0;Yes;Carrboro;Orange;No;Friday;20MAY2011;Crossing Roadway - Vehicle Turning;13.0;Intersection;May;13:30;Motorist Left Turn - Parallel Paths;12781.0;2011;C: Possible Injury;Residential;40-49;47;No;6-10 mph;Unknown Injury;Black;Male;Passenger Car;No;No;36.0;Daylight;Urban (>70% Developed);-79.0;2 lanes;2.0;16-20;20;No;C: Possible Injury;Crosswalk Area;White;Female;Straight - Level;Local Street;Dry;Two-Way, Not Divided;None;No Special Feature;Concrete;Piedmont;Urban;20 - 25  MPH;No Control Present;Clear;No;;;;;;;;
"35.9140970934; -79.0562027421";"{""type"": ""Point"", ""coordinates"": [-79.05620274209714, 35.91409709339109]}";11372.0;1491.0;No;Chapel Hill;Orange;Yes;Tuesday;13SEP2011;Crossing Roadway - Vehicle Turning;23.0;Intersection;September;23:04;Motorist Left Turn - Parallel Paths;12781.0;2011;C: Possible Injury;Commercial;25-29;26;Yes;16-20 mph;O: No Injury;White;Male;Pickup;No;No;36.0;Dark - Lighted Roadway;Urban (>70% Developed);-79.0;4 lanes;2.0;26-30;29;No;C: Possible Injury;Crosswalk Area;White;Female;Straight - Hillcrest;Local Street;Dry;Two-Way, Not Divided;None;Four-Way Intersection;Smooth Asphalt;Piedmont;Urban;20 - 25  MPH;Stop And Go Signal;Clear;No;;;;;;;;
"35.9122999999; -79.0474000004";"{""type"": ""Point"", ""coordinates"": [-79.0474000004033, 35.91229999990543]}";12582.0;;No;Chapel Hill;Orange;No;Thursday;07FEB2013;Crossing Roadway - Vehicle Not Turning;15.0;Intersection-Related;February;15:30;Motorist Failed to Yield;;2013;C: Possible Injury;Institutional;50-59;57;No;6-10 mph;O: No Injury;White;Male;Pickup;No;No;36.0;Daylight;Urban (>70% Developed);-79.0;2 lanes;2.0;31-40;32;No;C: Possible Injury;Crosswalk Area;White;Male;Straight - Level;Local Street;Dry;Two-Way, Not Divided;None;No Special Feature;Coarse Asphalt;Piedmont;Urban;20 - 25  MPH;No Control Present;Clear;No;103688196.0;750.0;42770.0;2.0;RALEIGH ST;1.0;;
"35.9102900002; -79.0724000002";"{""type"": ""Point"", ""coordinates"": [-79.07240000021984, 35.91029000016746]}";14959.0;;No;Carrboro;Orange;No;Tuesday;31DEC2013;Crossing Roadway - Vehicle Turning;18.0;Intersection;December;18:40;Motorist Left Turn - Parallel Paths;;2013;O: No Injury;Commercial;50-59;59;No;0-5 mph;O: No Injury;White;Male;Passenger Car;No;No;36.0;Dark - Lighted Roadway;Urban (>70% Developed);-79.0;3 lanes;2.0;Unknown;0;No;Unknown Injury;Crosswalk Area;Unknown/Missing;Unknown;Straight - Level;Local Street;Dry;Two-Way, Not Divided;None;Related To Intersection;Smooth Asphalt;Piedmont;Urban;20 - 25  MPH;Stop And Go Signal;Clear;No;103973355.0;790.0;12781.0;1.0;W MAIN ST;2.0;;
"35.9100670916; -79.0741027475";"{""type"": ""Point"", ""coordinates"": [-79.07410274745561, 35.91006709157545]}";15881.0;876.0;Yes;Carrboro;Orange;No;Saturday;14APR2012;Crossing Roadway - Vehicle Not Turning;23.0;Non-Intersection;April;23:03;Pedestrian Failed to Yield;;2012;;Commercial;20-24;21;No;21-25 mph;O: No Injury;White;Female;Passenger Car;No;No;36.0;Dark - Lighted Roadway;Urban (>70% Developed);-79.0;2 lanes;2.0;51-60;54;No;A: Disabling Injury;Travel Lane;White;Male;Straight - Level;Local Street;Dry;Two-Way, Not Divided;None;No Special Feature;Coarse Asphalt;Piedmont;Urban;20 - 25  MPH;No Control Present;Clear;No;;;23760.0;2.0;;1.0;A: Disabling Injury;A: Disabling Injury
"35.9035770916; -79.0442027384";"{""type"": ""Point"", ""coordinates"": [-79.04420273837353, 35.90357709159821]}";6687.0;1768.0;No;Chapel Hill;Orange;No;Monday;12JAN2009;Crossing Roadway - Vehicle Turning;19.0;Intersection;January;19:48;Motorist Left Turn - Parallel Paths;12781.0;2009;O: No Injury;Institutional;0-19;18;No;6-10 mph;O: No Injury;Asian;Female;Passenger Car;No;No;36.0;Dark - Lighted Roadway;Urban (>70% Developed);-79.0;4 lanes;2.0;41-50;45;No;O: No Injury;Crosswalk Area;White;Female;Straight - Level;Local Street;Dry;Two-Way, Divided, Unprotected Median;None;No Special Feature;Smooth Asphalt;Piedmont;Urban;20 - 25  MPH;Stop And Go Signal;Clear;No;;;;;;;;
"35.9527571036; -78.9946027258";"{""type"": ""Point"", ""coordinates"": [-78.99460272577993, 35.9527571036146]}";6781.0;1862.0;No;Durham;Durham;No;Tuesday;29SEP2009;Other / Unknown - Insufficient Details;5.0;Intersection;September;5:45;Intersection - Other / Unknown;13690.0;2009;K: Killed;Commercial;30-39;31;No;41-45 mph;O: No Injury;White;Male;Passenger Car;No;No;36.0;Dark - Roadway Not Lighted;Urban (>70% Developed);-79.0;9 or more lanes;2.0;26-30;27;No;K: Killed;Travel Lane;White;Male;Straight - Level;Local Street;Dry;Two-Way, Divided, Unprotected Median;None;Four-Way Intersection;Smooth Asphalt;Piedmont;Urban;40 - 45  MPH;Stop And Go Signal;Clear;Yes;;;;;;;;
"35.900397091; -79.0389027363";"{""type"": ""Point"", ""coordinates"": [-79.0389027363494, 35.90039709101222]}";4284.0;1737.0;No;Chapel Hill;Orange;No;Tuesday;22JAN2008;Crossing Roadway - Vehicle Turning;18.0;Non-Intersection;January;18:50;Motorist Left Turn - Parallel Paths;23781.0;2008;C: Possible Injury;Institutional;20-24;22;No;0-5 mph;O: No Injury;White;Male;Passenger Car;No;No;36.0;Dark - Lighted Roadway;Urban (>70% Developed);-79.0;4 lanes;2.0;16-20;19;No;C: Possible Injury;Travel Lane;White;Female;Straight - Grade;Local Street;Wet;Two-Way, Not Divided;Other;No Special Feature;Smooth Asphalt;Piedmont;Urban;5 - 15 MPH;No Control Present;Rain;No;;;;;;;;
"35.9642800002; -79.0584000005";"{""type"": ""Point"", ""coordinates"": [-79.0584000005159, 35.9642800001565]}";12494.0;;Yes;Chapel Hill;Orange;No;Tuesday;05FEB2013;Crossing Roadway - Vehicle Turning;20.0;Intersection-Related;February;20:32;Motorist Right Turn - Parallel Paths;;2013;B: Evident Injury;Commercial;0-19;17;No;11-15 mph;O: No Injury;Hispanic;Female;Passenger Car;No;No;36.0;Dark - Lighted Roadway;Mixed (30% To 70% Developed);-79.0;7 lanes;2.0;16-20;20;No;B: Evident Injury;Other / Unknown;Black;Male;Straight - Level;Local Street;Dry;Two-Way, Divided, Positive Median Barrier;None;No Special Feature;Smooth Asphalt;Piedmont;Urban;30 - 35  MPH;Stop And Go Signal;Clear;No;103678925.0;790.0;49791.0;1.0;MARTIN LUTHER KING JR;2.0;;
"35.9106470925; -79.0703027464";"{""type"": ""Point"", ""coordinates"": [-79.07030274644252, 35.9106470924995]}";11201.0;1320.0;Yes;Carrboro;Orange;No;Wednesday;17AUG2011;Crossing Roadway - Vehicle Not Turning;12.0;Intersection;August;12:30;Motorist Failed to Yield;12770.0;2011;B: Evident Injury;Commercial;70+;70+;No;0-5 mph;O: No Injury;White;Male;Passenger Car;No;No;36.0;Daylight;Urban (>70% Developed);-79.0;2 lanes;2.0;51-60;53;No;B: Evident Injury;Crosswalk Area;White;Female;Straight - Level;Public Vehicular Area;Dry;Unknown;None;Five-Point, Or More;Concrete;Piedmont;Urban;5 - 15 MPH;Stop And Go Signal;Clear;No;;;;;;;;
"35.9548571048; -78.9933027252";"{""type"": ""Point"", ""coordinates"": [-78.99330272516266, 35.95485710477256]}";10760.0;879.0;No;Durham;Durham;No;Friday;27MAY2011;Off Roadway;9.0;Non-Roadway;May;9:33;Off Roadway - Parking Lot;38830.0;2011;C: Possible Injury;Commercial;20-24;24;No;11-15 mph;C: Possible Injury;White;Female;Passenger Car;No;No;36.0;Daylight;Rural (<30% Developed);-79.0;2 lanes;2.0;26-30;30;No;C: Possible Injury;Non-Roadway - Parking Lot / Other;White;Female;Curve - Level;Public Vehicular Area;Wet;Two-Way, Not Divided;None;No Special Feature;Coarse Asphalt;Piedmont;Urban;5 - 15 MPH;No Control Present;Rain;No;;;;;;;;
"35.9067300907; -79.0836327505";"{""type"": ""Point"", ""coordinates"": [-79.0836327504761, 35.90673009067997]}";9218.0;1881.0;Yes;Carrboro;Orange;Yes;Friday;05FEB2010;Crossing Roadway - Vehicle Not Turning;18.0;Non-Intersection;February;18:19;Pedestrian Failed to Yield;23760.0;2010;B: Evident Injury;Residential;0-19;19;No;31-35 mph;O: No Injury;White;Female;Passenger Car;No;No;36.0;Dark - Lighted Roadway;Urban (>70% Developed);-79.0;4 lanes;2.0;41-50;43;Yes;B: Evident Injury;Travel Lane;Black;Male;Straight - Grade;Local Street;Wet;Two-Way, Not Divided;None;No Special Feature;Smooth Asphalt;Piedmont;Urban;30 - 35  MPH;No Control Present;Rain;No;;;;;;;;
"35.9200620984; -78.9599177137";"{""type"": ""Point"", ""coordinates"": [-78.95991771367648, 35.92006209839075]}";9245.0;1908.0;No;Durham;Durham;No;Monday;11OCT2010;Other / Unknown - Insufficient Details;13.0;Non-Intersection;October;13:28;Non-Intersection - Other / Unknown;23680.0;2010;C: Possible Injury;Residential;20-24;23;No;0-5 mph;O: No Injury;Black;Female;Passenger Car;No;No;36.0;Daylight;Urban (>70% Developed);-79.0;4 lanes;2.0;16-20;17;No;C: Possible Injury;Travel Lane;Black;Female;Straight - Level;Local Street;Dry;Two-Way, Not Divided;None;No Special Feature;Coarse Asphalt;Piedmont;Urban;5 - 15 MPH;Stop And Go Signal;Clear;No;;;;;;;;
"35.9506871011; -79.0612287457";"{""type"": ""Point"", ""coordinates"": [-79.06122874570839, 35.95068710110362]}";9312.0;1975.0;Yes;Chapel Hill;Orange;No;Wednesday;04AUG2010;Crossing Roadway - Vehicle Not Turning;14.0;Intersection;August;14:48;Pedestrian Failed to Yield;13760.0;2010;B: Evident Injury;Residential;40-49;49;No;21-25 mph;O: No Injury;White;Female;Light Truck (Mini-Van, Panel);No;No;36.0;Daylight;Urban (>70% Developed);-79.0;2 lanes;2.0;11-15;13;No;B: Evident Injury;Travel Lane;Black;Male;Straight - Bottom;Local Street;Dry;Two-Way, Not Divided;None;No Special Feature;Smooth Asphalt;Piedmont;Urban;30 - 35  MPH;Double Yellow Line, No Passing Zone;Clear;No;;;;;;;;
"36.0006700002; -78.9453999996";"{""type"": ""Point"", ""coordinates"": [-78.9453999995895, 36.00067000022881]}";14840.0;;Yes;Durham;Durham;No;Tuesday;12NOV2013;Crossing Roadway - Vehicle Not Turning;17.0;Non-Intersection;November;17:47;Motorist Failed to Yield;;2013;C: Possible Injury;Institutional;60-69;60;No;6-10 mph;O: No Injury;Black;Female;Passenger Car;No;No;36.0;Dark - Lighted Roadway;Mixed (30% To 70% Developed);-79.0;2 lanes;2.0;26-30;28;No;C: Possible Injury;Crosswalk Area;White;Female;Straight - Level;Local Street;Wet;Two-Way, Not Divided;None;No Special Feature;Smooth Asphalt;Piedmont;Urban;20 - 25  MPH;No Control Present;Rain;No;103940554.0;750.0;22770.0;1.0;TOWERVIEW DR;2.0;;
"35.9446771017; -79.012602731";"{""type"": ""Point"", ""coordinates"": [-79.01260273095521, 35.94467710166261]}";15106.0;101.0;Yes;Chapel Hill;Orange;No;Sunday;01JAN2012;Crossing Roadway - Vehicle Not Turning;1.0;Intersection;January;1:57;Motorist Failed to Yield;;2012;;Commercial;25-29;28;No;36-40 mph;O: No Injury;Black;Female;Passenger Car;No;No;36.0;Dark - Lighted Roadway;Urban (>70% Developed);-79.0;4 lanes;2.0;21-25;23;No;B: Evident Injury;Travel Lane;Black;Male;Straight - Level;US Route;Dry;Two-Way, Divided, Positive Median Barrier;None;No Special Feature;Smooth Asphalt;Piedmont;Urban;40 - 45  MPH;Stop And Go Signal;Clear;No;;;13770.0;1.0;;2.0;B: Evident Injury;B: Evident Injury
"35.9120570934; -79.0508027409";"{""type"": ""Point"", ""coordinates"": [-79.05080274094128, 35.912057093363146]}";15739.0;734.0;Yes;Chapel Hill;Orange;No;Monday;26MAR2012;Crossing Roadway - Vehicle Not Turning;15.0;Non-Intersection;March;15:11;Motorist Failed to Yield;;2012;;Institutional;20-24;22;No;31-35 mph;Unknown Injury;White;Female;Passenger Car;No;No;36.0;Daylight;Urban (>70% Developed);-79.0;Unknown;2.0;21-25;21;No;A: Disabling Injury;Crosswalk Area;Black;Female;Straight - Level;Local Street;Dry;Two-Way, Not Divided;None;No Special Feature;Coarse Asphalt;Piedmont;Urban;20 - 25  MPH;No Control Present;Clear;No;;;22770.0;1.0;;2.0;A: Disabling Injury;A: Disabling Injury
"35.9107970924; -79.066802745";"{""type"": ""Point"", ""coordinates"": [-79.06680274497839, 35.910797092399356]}";15935.0;930.0;Yes;Carrboro;Orange;No;Wednesday;02MAY2012;Backing Vehicle;11.0;Non-Roadway;May;11:34;Backing Vehicle - Parking Lot;;2012;;Commercial;30-39;33;No;0-5 mph;O: No Injury;White;Male;Passenger Car;No;No;36.0;Daylight;Urban (>70% Developed);-79.0;Unknown;2.0;41-50;46;No;C: Possible Injury;Non-Roadway - Parking Lot / Other;White;Male;Straight - Level;Public Vehicular Area;Dry;Two-Way, Not Divided;None;Driveway, Public;Smooth Asphalt;Piedmont;Urban;30 - 35  MPH;No Control Present;Clear;No;;;38214.0;1.0;;2.0;C: Possible Injury;C: Possible Injury
"35.9042770904; -79.0879027518";"{""type"": ""Point"", ""coordinates"": [-79.0879027517705, 35.90427709037941]}";16259.0;1254.0;No;Carrboro;Orange;No;Saturday;09JUN2012;Off Roadway;20.0;Non-Roadway;June;20:37;Off Roadway - Parking Lot;;2012;;Residential;Unknown;Unknown;Missing;16-20 mph;Unknown Injury;Unknown/Missing;Unknown;Unknown;No;Yes;36.0;Dark - Lighted Roadway;Urban (>70% Developed);-79.0;Unknown;2.0;41-50;46;No;B: Evident Injury;Non-Roadway - Parking Lot / Other;White;Female;Straight - Level;Public Vehicular Area;Dry;Two-Way, Not Divided;None;No Special Feature;Coarse Asphalt;Piedmont;Urban;30 - 35  MPH;No Control Present;Clear;No;;;38830.0;1.0;;2.0;B: Evident Injury;B: Evident Injury
"35.90312709; -79.0965027542";"{""type"": ""Point"", ""coordinates"": [-79.09650275420474, 35.9031270900079]}";16931.0;1926.0;Yes;None - Rural Crash;Orange;Yes;Sunday;16SEP2012;Pedestrian in Roadway - Circumstances Unknown;2.0;Non-Intersection;September;2:27;Walking in Roadway;;2012;;Farms, Woods, Pastures;25-29;27;No;41-45 mph;O: No Injury;White;Female;Passenger Car;No;No;36.0;Dark - Roadway Not Lighted;Rural (<30% Developed);-79.0;2 lanes;2.0;41-50;43;Yes;K: Killed;Travel Lane;Hispanic;Male;Straight - Level;State Secondary Route;Dry;Two-Way, Not Divided;None;Bridge Approach;Coarse Asphalt;Piedmont;Rural;40 - 45  MPH;Double Yellow Line, No Passing Zone;Clear;No;;;23620.0;1.0;;2.0;K: Killed;K: Killed